<beans xmlns="http://www.springframework.org/schema/beans"
       xmlns:context="http://www.springframework.org/schema/context"
       xmlns:mvc="http://www.springframework.org/schema/mvc"
       xmlns:xsi="http://www.w3.org/2001/XMLSchema-instance"
       xsi:schemaLocation="http://www.springframework.org/schema/beans
			   http://www.springframework.org/schema/beans/spring-beans-4.3.xsd
			   http://www.springframework.org/schema/context
			   http://www.springframework.org/schema/context/spring-context-4.3.xsd
			   http://www.springframework.org/schema/mvc
			   http://www.springframework.org/schema/mvc/spring-mvc-4.3.xsd">

  <context:component-scan base-package="us.spokraft." />
  <mvc:annotation-driven />
  <context:annotation-config />
  
  <bean class="org.springframework.web.servlet.view.InternalResourceViewResolver">
    <property name="prefix" value="/WEB-INF/views/" />
    <property name="suffix" value=".jsp" />
  </bean>
  
  <bean id="dataSource"
  class = "org.springframework.jdbc.datasource.DriverManagerDataSource">
  <property name="driverClassName" value="com.mysql.jdbc.Driver"/>
  <property name="url" value="jdbc:mysql://localhost:3306/TASKDB" />
  <property name="username" value="john"/>
  <property name="password" value="new_password" />
  </bean>
  
  <bean id="sessionFactory"
  class="org.springframework.orm.hibernate4.LocalSessionFactoryBean">
  <property name="dataSource" ref="dataSource"/>
  <property name="annotatedClasses">
    <list>
      <value>us.spokraft.TODO_Task</value>
    </list>
  </property>
  <property name="hibernateProperties">
    <props>
          <prop key="hibernate.show_sql">true</prop>
    </props>
  </property>
  </bean>
  
  <bean id="txManager"
  class="org.springframework.orm.hibernate4.HibernateTransactionManager">
  <property name="sessionFactory" ref="sessionFactory" />
  </bean>
  
  <bean id="persistenceExceptoinTranslateopnPostProcessor"
  class="org.springframework.dao.annotation.PersistenceExceptionTranslationPostProcessor"/>
  
  <bean id="my_database" class="us.spokraft.TODO_DB_DataSource"/>
  

</beans>
